{
  "train_snapshot_date": "2018-06-01",
  "best_model": "rf",
  "best_pr_auc": 0.010274977888665746,
  "results": {
    "logreg": {
      "roc_auc": 0.8812541379876223,
      "pr_auc": 0.009473782345217074,
      "confusion_matrix": [
        [
          15491,
          2790
        ],
        [
          5,
          24
        ]
      ],
      "classification_report": {
        "0": {
          "precision": 0.999677336086732,
          "recall": 0.8473825283080795,
          "f1-score": 0.9172513840779228,
          "support": 18281.0
        },
        "1": {
          "precision": 0.008528784648187633,
          "recall": 0.8275862068965517,
          "f1-score": 0.016883573689764335,
          "support": 29.0
        },
        "accuracy": 0.8473511742217368,
        "macro avg": {
          "precision": 0.5041030603674599,
          "recall": 0.8374843676023156,
          "f1-score": 0.4670674788838436,
          "support": 18310.0
        },
        "weighted avg": {
          "precision": 0.998107521341144,
          "recall": 0.8473511742217368,
          "f1-score": 0.9158253509538783,
          "support": 18310.0
        }
      }
    },
    "rf": {
      "roc_auc": 0.8734638752501656,
      "pr_auc": 0.010274977888665746,
      "confusion_matrix": [
        [
          18274,
          7
        ],
        [
          29,
          0
        ]
      ],
      "classification_report": {
        "0": {
          "precision": 0.9984155602906627,
          "recall": 0.9996170887807013,
          "f1-score": 0.9990159632626284,
          "support": 18281.0
        },
        "1": {
          "precision": 0.0,
          "recall": 0.0,
          "f1-score": 0.0,
          "support": 29.0
        },
        "accuracy": 0.9980338612779902,
        "macro avg": {
          "precision": 0.49920778014533135,
          "recall": 0.49980854439035066,
          "f1-score": 0.4995079816313142,
          "support": 18310.0
        },
        "weighted avg": {
          "precision": 0.9968342358095905,
          "recall": 0.9980338612779902,
          "f1-score": 0.9974336878429334,
          "support": 18310.0
        }
      }
    }
  },
  "positive_rate": 0.0016111414527580556,
  "rows": 73240,
  "positives": 118
}